logId,clusterId,umap_x,umap_y,text
2,35,2.3309085,-3.4554925,또 뜨거운 바람 나와요
3,0,7.8152776,5.005077,[KORAIL_TRAIN]
5,58,3.8382435,1.9814926,ru
6,58,3.7450628,1.9516213,R감삼다
7,68,1.6696566,2.4826002,esg 보고서
8,72,3.0886025,0.8258264,esg
9,38,2.6455495,-5.526338,환기
11,68,1.5344018,2.4455245,이용내역
12,35,2.1170862,-3.7866964,지금 4호선 불암산 방향 타고 가고 있는데 에어콘을틀고 있네요. 지금 온도 보니 19도인데. 이건 심하지 않나요? 차량 번호는 [KORAIL_TRAIN]라고 적혀있고 지금 성신에다역 정차했네요. 에어콘을 껐으면 좋겠습니다
13,2,2.8198574,7.1359963,기업개요
14,-1,2.5506935,-2.9903615,하 너무 추운데..
15,47,3.0154011,3.5445843,상담
16,-1,1.0989408,-2.5728917,그냥 18도로 틀라고 시부네!!!
18,38,2.6724954,-5.465035,환기
19,41,2.5785863,-2.2360525,엉덩이가 너무 시려워요...
20,4,-4.0626464,-0.18312266,늦은
21,4,-4.0617657,-0.16824028,늦게
22,15,-1.4796329,3.917938,지하철이 늦게 출발
23,70,1.813582,-0.4520164,알겠습니다
24,12,-1.9237448,-1.1420766,배차를 왜 이렇게하죠
25,52,0.8413058,-2.8832288,제발요
26,51,1.0305237,-2.419488,그냥 언해준다소 해라
27,59,2.15649,2.7874181,취업규칙
28,48,0.039998833,-2.7784266,빨리빨리
29,69,0.71180797,0.1315202,도면 받으려면 어떻게 해야돼
30,68,1.83999,2.4707398,통계
31,67,2.3470187,1.7092328,네이버
32,13,0.7303168,3.896036,종교권유
33,63,0.74544007,0.7979481,일본어로 말할 수 있습니까?
34,34,1.5026,0.26331377,주말은요?
35,-1,-2.723576,0.70121056,지하철 문은 왜이렇게 빨리 닫나요?
36,-1,-2.295355,0.99016005,로그인 잠김상태 해제
37,35,2.3252945,-3.4528463,진짜 바람이 너무 쎄요
38,37,3.5462356,-2.9656506,후덥지근합니다
39,3,-4.8280864,-0.48138696,느려
40,-1,-0.46695465,4.0796804,그럼 열차운행을 늘릴 생각은 있나요
41,63,0.69935817,1.0682356,문자로는 어디로보내
42,-1,2.8101797,1.4394457,8호넌
44,35,2.3363318,-3.4884255,바람이 너무 세요
45,52,1.4447278,-3.3478024,바람이라도 줄여주세요..
46,71,2.9030106,0.05099169,Zoom
47,32,4.745975,-1.1729534,너무 시끄러우 요
48,71,1.3268667,-2.9306493,zoom 다운은 어떻게 받나요
49,71,2.816955,-0.11572592,zoom 다운
50,71,2.9041526,0.10804734,zoom
51,71,2.963086,0.088827565,zoom
52,42,2.3908405,-2.006109,더세게틀어야함
53,5,-0.71355355,0.3657032,지금 내리셨어요. 안오셔도 됩니다.
54,71,2.6548505,-0.18443634,끄저라
57,17,-1.7143204,3.1318343,지하철 바닥에서 누가 자고있어요
58,17,-1.795153,2.781113,지하철 좌석에 모래가 뿌려져있어요
59,21,-2.3685496,0.9940758,사람이 타는데 문닫고 출발하는데요
61,15,-1.5542898,3.929675,지하철이 느려요
62,3,-4.921615,-0.55039394,느리다
63,3,-4.848472,-0.4924774,느림
64,3,-4.831307,-0.5460496,너무 느립니다
65,27,-0.17884472,3.916448,열차 [METRO_TRAIN] 1-1
66,17,-2.3644757,3.3806312,지하철에 너무 시끄럽게 떠드는 사람이 있어요
67,40,3.028618,-0.3979463,침하
68,32,4.5387955,-0.42623428,진동
69,57,2.6771286,1.0836459,진도
70,72,3.1259677,0.67318755,허용진도
71,45,3.4115589,-1.4418758,사람이 자고있어요
72,43,2.8753827,-0.8997261,욕설
73,21,-2.3352683,0.923526,안탔는데 문닫아
74,21,-2.4246216,0.9887094,문닫
75,38,2.5862563,-5.387077,환기요청
76,15,-1.4881521,3.8882592,지하철이 느려요
77,3,-4.8576674,-0.5258907,느려요
79,42,2.86724,-2.0805116,너무도유 픂
80,1,7.129632,-2.1835024,파냉해주세욥
81,17,-1.8488084,2.7890654,전철 배차
82,65,-0.22268383,-1.1356823,저기요
83,72,3.1967368,0.7522966,"큐, 스핑"
84,28,0.3102026,2.5403469,역명병기
85,46,3.418756,-1.0664716,넘어짐
87,40,2.8540418,-0.49087307,범죄
88,12,-1.5682672,-1.4647225,진접행좀 늘려주세요
89,14,-0.8733627,1.7721174,원 체크카드 이체
90,65,-0.28015023,-1.1951613,아니라고
91,30,-0.30037218,4.3604836,열차칸
92,70,2.2645788,-0.36861053,젭알 ..
93,-1,3.2317083,-3.0084937,27도같은데요
94,-1,2.8816702,1.3606039,8-3칸입니다
95,64,0.07850008,-0.48311612,몇건을 넣었는데 무시하냐...
96,41,2.208029,-2.2389824,쪄죽겠습니다.
98,32,4.5538063,-0.4629175,진동심함
99,17,-2.276155,3.2392335,지하철 진동 웅웅거림
100,28,0.11075531,2.5389051,독목역
101,63,0.713663,0.99139124,문자로는?
102,29,-0.3532914,4.178421,경춘선
103,40,3.0581543,-0.40393674,질서저해
104,12,-1.9834809,-1.4757762,정시출발
105,0,7.881481,5.072349,[KORAIL_TRAIN]
106,3,-4.834856,-0.5450243,느려요
107,16,-0.7190305,2.7520182,판교역
108,12,-1.9660767,-1.4461735,급행 없다고 거짓말을 해요
109,30,-0.29688996,4.541377,열차에서 너무 소리가난다
111,66,0.6538588,-0.9876883,말귀를 못 알아듣네
112,7,1.1534165,-5.987592,의자 열선 전원 꺼줘
113,52,1.4376271,-3.4885185,좀 틀어달라고요
114,37,3.4840384,-2.8945754,덥네
115,29,-0.41306257,4.3322716,열차에 가방
116,5,-1.014491,0.82924616,누가 가방을 두고내렸어요
117,50,0.73427,-1.9698335,피드백요청
118,43,2.979656,-0.97011834,싸움
119,30,-0.22642209,4.545875,열차 내 소동
120,59,2.1187787,3.0561085,재직시 표창받은내역 알려줘
121,17,-1.7055367,2.8232782,지하철!
122,1,7.1711636,-2.1384885,Информация о тарифе
123,43,3.1581528,-1.0362283,부딪힘
124,52,1.3702453,-3.1438663,소리는 줄여줄수 없나요?
125,-1,3.170262,1.0154335,돈을
126,49,2.8527446,1.866255,홍길동
127,36,1.3891157,-1.1452559,불친절
128,41,2.565101,-2.257221,엉덩이가 시려워요
129,69,0.87016886,0.04938005,누가 그렇게 정했나요?
130,-1,0.5623943,-0.07309239,왜그렇게정했나요
131,48,0.05223593,-2.7410145,그럼 빨리 배우세요
132,69,0.8661705,-0.0021551615,그래서 어떻게 하겠다는 건가요?
133,17,-2.1343899,3.142633,지하철 삐걱삐걱
134,17,-1.6886842,2.8849454,지하철 증차 좀 해주세요
135,27,-0.14698006,3.9308767,[METRO_TRAIN] 2번열차
136,17,-1.6425499,2.752786,지하철 유동인구
137,49,2.8978834,1.854471,홍길동
138,4,-3.5897071,-0.1142183,근데 왜 3분 일찍 왔냐고
139,-1,2.5670633,0.2539685,다시.
140,6,6.2663474,4.1523347,[METRO_TRAIN]호입니다.
141,2,2.7778728,7.1237693,조직도
142,17,-1.6164325,2.6097658,지하철 내릴때 미태그
143,58,3.8482785,1.9416102,라냐아냐
144,7,1.1226032,-6.020362,의자 열 꺼줘
145,47,3.0189402,3.5449927,상담
147,52,1.3718245,-3.2333665,소리좀 줄여주세요
148,36,1.3549367,-1.1715361,신경 안쓰는듯
149,66,0.67193,-0.9034002,답을 못하네
150,0,7.795935,4.986937,[KORAIL_TRAIN]
151,58,3.779572,2.0785804,REMS
152,59,2.511366,3.2350926,자문위원 경력
153,36,1.3929344,-1.1585212,불친절
154,6,6.237768,4.04689,[METRO_TRAIN]-[METRO_TRAIN]
155,49,2.8955057,1.8520824,홍길동
156,1,7.1864676,-2.1770537,민뤈
157,67,2.1718497,1.647657,어플
158,0,7.836196,5.0268745,[KORAIL_TRAIN]
159,6,6.2456026,4.116121,[METRO_TRAIN]호입니다
160,6,6.2498865,4.128093,[METRO_TRAIN]호
161,-1,1.3325251,-2.3953867,보험금 받고싶어요
162,67,2.2353518,1.6098588,AI
163,17,-1.3694706,2.8243856,지하철 역 몇개?
164,-1,2.3033862,-1.8284792,몸 익겠노 ..
165,19,-0.8817546,4.3230877,다음열차 9분뒤 그 더
166,17,-1.8379228,2.60601,지하철 내부 외부
167,38,2.6592252,-5.529268,산소
168,-1,2.2599962,2.6546173,차량 점검 필요
170,6,6.192807,4.0155473,[METRO_TRAIN] 물새요
172,62,1.0250069,1.366592,팩스
174,37,3.6660683,-2.5567813,사람 진짜 많아서 쨔죽을 것 같아요 호흡 곤란
175,22,4.0664153,-0.9882178,장난감파는사람
176,15,-1.4179243,3.5801446,지하철이 안옵니다
177,48,0.5167194,-2.7681746,빨리켜주세요
178,68,2.0394487,2.4186275,측정허용기준
179,17,-1.86917,3.031277,지하철너무너무느려요
180,17,-2.3639991,3.33419,지하철에서 시끄럽게 떠들어요
181,29,-0.45961696,4.1667485,경춘선
182,16,-0.39379278,2.6839666,행신역
183,57,2.6565797,0.63996726,행신
184,48,0.062188268,-2.7766526,빨리
185,4,-3.6010535,-0.15690666,7:22 도착인데 7:30 도착했어요…
186,47,2.976769,3.517464,상담우
187,-1,-0.062291455,3.8195982,[METRO_TRAIN]객차 정리좀 해주세요
188,17,-1.7246836,3.155138,지하철 바닥에 누가 잠들어있어요
189,17,-2.226579,2.5966692,공항철도
190,23,4.349032,-2.0293276,혼잡
191,38,2.654665,-5.491307,환기
192,68,1.7347376,2.4803295,재무제표
193,68,1.7110962,2.3307009,제무재표
194,68,1.7364014,2.4980898,재무제표
195,19,-0.8982334,4.265776,열차 느림
196,2,2.7835686,7.1211824,조직도
197,3,-4.7947063,-0.43768638,The subway is too slow.
198,4,-3.7478955,-0.044119585,왜케 문을 늦게닫는거임??
200,38,2.6699097,-5.517385,환기
201,22,4.066695,-1.1135006,사람
202,10,3.7169607,-3.6917713,악취
203,-1,2.5629213,2.4771543,치안
204,17,-2.009413,3.0314984,지하철에 불이
205,38,2.6949167,-5.5207996,환기
206,38,2.6997855,-5.53884,환기
207,-1,1.8328389,-2.3679378,빨리요 쓰러질거같아요
208,59,2.2959738,3.1912353,취업계
209,5,-1.0527678,0.87890357,가방을 열차에 두고내렸어요
210,61,3.2751453,1.36353,BTS
211,64,0.2134607,-0.050429266,여기서 말못해?
213,-1,-1.0992677,4.2070694,열차 늦음
214,44,2.1079476,-4.440611,습도생각도좀해라
215,44,1.9136395,-4.1312723,환기 좀 해주세요
216,-1,2.5065243,-3.010409,너무 추움
217,4,-3.9637592,-0.15565342,늦게 출발하먼
218,45,3.282171,-1.6244229,만취자
219,56,2.7141638,1.3534224,칠백몇번인지
220,27,-0.37454537,4.2815576,열차좌석
221,36,1.9789208,-1.1172448,무용지물이네
222,25,4.4460435,-1.828436,시끄러운 승객
223,17,-1.7102622,2.7558892,지하철
224,62,1.0316154,1.3622652,문자
225,62,1.0070593,0.95506245,문자어케해
226,41,2.1473114,-2.2704673,죽을거같에요
227,65,-0.31586212,-1.2032987,아니요
228,23,4.3388968,-1.9985963,유동인구
229,47,2.9590638,3.5843325,1:1상담
230,13,0.70652795,3.8828912,종교권유가 있어요
231,35,2.3256984,-3.4386077,바람이 너무 셉니다!
232,32,4.63855,-0.4840404,클래식 음악
234,8,1.29024,-5.7152295,좌석열선
235,1,7.1470895,-2.0998845,좌석엸선
236,52,0.97727793,-2.991999,아니 그냥 아예 끄세요 제발
237,10,3.7530441,-3.7535734,역사내에서 암모니아 가스 같은 냄새가 나는데 오래된거 같은데 개선 필요해보입니다
238,32,4.699184,-0.5877667,소리
239,18,2.374876,-5.160256,불타오른다
240,10,3.7677317,-3.6937158,악취가 심해요
241,38,2.7187483,-5.4298525,환기
242,10,3.7473664,-3.7320957,악취
243,37,3.6579292,-2.7591553,사람도 많고 너무 덥네요
244,62,0.887589,1.3008784,벽보
245,14,-0.92809504,1.7557412,카드인식
246,-1,3.2314813,-2.154313,3-1 칸타고있는 사람들 너무시끄럽게떠들어요
247,42,2.8357964,-2.0459206,너무시끄럽게떠드는데요
248,68,2.050667,2.0726647,규정
249,0,7.8501096,5.0409975,[KORAIL_TRAIN]
250,0,7.8511224,5.0419855,[KORAIL_TRAIN]
251,52,1.0155549,-2.943241,꺼달라고요
252,15,-1.4761398,3.9749193,지하철 늦음
253,23,4.2903314,-2.0435553,이용자 수
254,63,0.51688063,0.942905,문자 어디로 보내요?
255,6,6.223692,4.0136867,[METRO_TRAIN](1)
256,27,-0.18158005,3.9228306,[METRO_TRAIN]호 열차
257,34,2.8909974,-4.4926615,환경
258,38,2.7219024,-5.4845824,환기
259,1,7.1782646,-2.1520824,좆까
260,52,0.92156667,-3.0812178,제발 배차종 제발
261,2,2.7957904,7.1044087,조직도
262,42,2.5144527,-1.9194007,아 개짜증나네 생각할수록
263,46,3.458363,-1.1103253,사람 쓰러져있음
264,13,0.73102504,3.9350228,종교
265,-1,5.0294747,-0.85936725,통화를 너무 길게해요…
266,72,3.220898,0.52654785,예슈쟁이
267,64,-0.048027642,-0.092330076,왜 안오냐
268,36,1.7171538,-1.4051399,애미없는 새끼들
269,41,2.229782,-2.2640762,사람 죽겠네 진짜
270,12,-1.9253057,-1.2082607,배차
271,48,1.3033704,-2.4604847,집에가고싶어
273,29,-0.35608515,4.301709,열차
274,59,2.2993953,3.1142738,근무형태
275,68,2.3915994,2.0568194,낙찰결과
276,68,2.4489338,1.9685502,낙찰
277,37,3.6499486,-2.6825216,사람 너무너무많아서 껴있는데 많이덥네요
278,21,-2.3223763,0.860859,줄서있던 승객이 타고 있을때 문을 닫아도 되나요?
279,-1,-1.7077354,-1.0091767,내가 탄차에 불이 안켜져있어
280,51,1.0391062,-2.6264546,불켜줘
281,-1,-1.9723394,-1.8304683,정시성
282,38,2.7039695,-5.4699183,환기
283,17,-1.5510832,2.6586034,지하철 미태그
284,11,-1.5443622,-1.6013253,증차
285,32,4.7322235,-0.7363395,소리질러요
286,38,2.6387608,-5.4705772,환기
287,-1,0.54482317,0.40814468,앱에서는 못보나요
289,50,0.727497,-1.9995832,자료 요청
290,59,2.344398,3.062466,직원 확인
291,17,-1.7758801,2.5099742,문산행 지하철 서빙고 이
292,70,1.8887036,-0.30982107,제가 습득자인데 그냥 둘까요? 눈앞에 있는데
293,-1,-0.612777,3.7861123,열차제어시스템은 파악 안되나요? Ats atc 등
294,9,-1.9758564,-2.2251077,속도
295,-1,-3.213377,-0.11268651,8시40분 차인데
296,3,-4.8713336,-0.47636896,느린속도
297,16,-0.38551477,2.6818464,현 별내별가람역인데
298,9,-1.9699085,-2.2314932,속도
299,4,-4.0519223,-0.1330418,너무 늦어서요
300,43,3.0370665,-0.9526311,폭력
301,53,0.15009557,0.92667145,서해선
302,12,-1.9386371,-1.1772294,배차가 달라요
303,12,-1.9176699,-1.2179291,배차
304,16,-0.1876146,2.495527,지금은 무슨 역인지좀 알게해줘
305,5,-1.008444,0.7477146,누가 놓고 내렸 어요
306,-1,0.36695087,-0.31045336,컴퓨터로 못해?
307,32,4.8165016,-1.0753609,껌을 너무 시끄럽게 씹어요
308,2,2.817905,6.995257,총무처
309,7,1.0971209,-5.9589386,의자에 열선이 있나요?
310,2,2.8082876,7.070155,조직도
311,48,0.06629571,-2.768078,빨리
312,35,2.3018954,-3.4539108,바람이 너무 쎄요
313,-1,0.43885064,0.35141864,어디서?
314,9,-2.0156193,-2.1621177,급행
315,6,6.2538705,4.0267677,[METRO_TRAIN]-[METRO_TRAIN]
316,0,7.8862643,5.0749345,[KORAIL_TRAIN]
317,36,1.9630003,-0.95513415,잘못 눌렀어요
318,36,1.5871925,-0.98303485,아 잘못했는데
320,6,6.244686,4.049365,[METRO_TRAIN](2번
321,57,2.8281524,1.4686707,정관
322,2,2.7820585,7.123416,조직도
323,2,2.7778292,7.1046042,조직도를 보여저
324,32,4.679799,-0.68757224,붐빔
325,57,2.4802306,1.2431508,특급
326,42,2.8338532,-2.0860424,너무느려료
327,-1,2.3549666,-1.6024941,10도 상태로 견디면서 왔어요
328,44,1.6755475,-3.686754,환풍이안돼요
329,31,5.1083913,-0.8087479,통화를 시끄럽게 하는사람이 있어서요
330,4,-4.266637,-0.27876484,계속 늦어짐
331,37,3.5343883,-2.8640022,사람이 마나서 좀 덥네영
332,17,-1.7433118,2.7408252,지하철 도형
333,17,-1.7921767,2.6834593,지하철 일러스트
334,42,2.438611,-1.708527,개멍청하네 아오
336,30,-0.28279358,4.5149527,열차 내 악취
337,40,2.968076,-0.1775191,다침
338,30,-0.14996693,4.4658184,열차 비품 파손
339,40,3.1637523,-0.56371623,파손
340,38,2.6020994,-5.3931646,환기요청
341,36,1.4572614,-1.1313149,잘못 보냄 썰렁함
342,25,4.364524,-1.8538632,승객이 그런다고요
343,-1,2.777423,0.69296086,재태그
344,-1,3.4655197,1.2065693,v\'xd ◇
345,72,3.4103763,0.95824045,fjficz$?kn
346,17,-2.2164092,3.2411735,지하철에서 누가 전도해요
347,57,2.7250004,0.79812574,해외연스
348,0,7.8479614,5.039029,[KORAIL_TRAIN]
349,46,3.5537207,-1.2791345,바닥에 액체가 있습니다.
350,32,4.882787,-1.0287143,여기 정치선동하며 시끄러운 할머니가 있어요
351,1,7.2361245,-2.0437686,空港エキスプレスに乗るには料金どうなるのか
352,1,7.2285156,-2.0639753,空港エキスプレスに乗るには
353,1,7.1694975,-2.1544123,エキスプレスにのるには
354,0,7.8264475,5.0168266,[KORAIL_TRAIN]
355,46,3.5046172,-1.1068416,사람이 쓰러졌어요
356,0,7.872121,5.0588818,NICKEODEON
357,-1,3.7290432,1.5344418,qaa9qllpvia
358,74,3.878221,1.2061822,nmmmklm bn nnnjnbjkllk vmmmj bjkkjkl
359,17,-1.5890235,2.8844216,지하철 역무실
360,69,1.0989757,-0.47879973,이게 어떻게 18도에서 20도야
361,42,2.2770882,-1.3343488,자꾸 밀치고 다니는 사람이 있어
362,37,3.600159,-2.6927044,너무덥네요 사람 너무많습니다
363,28,0.12879917,2.8589947,위례트램
364,53,0.14433046,0.9259297,서해선
365,-1,0.7104525,0.8360535,앱이 뭔데요
366,9,-1.9972723,-2.1760554,급행
367,0,7.815187,5.007075,[KORAIL_TRAIN] 2
368,37,3.7989857,-2.8747885,땀 는 왜안틀엊
369,37,3.4350064,-2.9538205,아 덥네
370,32,4.686604,-0.6302445,소리가 작다고
371,47,2.986988,3.5865605,자동챗봇말고 직접상담
372,28,0.5482636,1.7850242,come si fa dall’aeroporto di incheon ad andare a seoul
376,26,2.4035077,1.3309202,39
381,32,4.844849,-1.076473,너무 시끄럽게 떠들어요
382,65,-0.16344824,-1.0834386,아니 이거 말고 이미 보여준걱
383,0,7.4651747,4.764591,K[METRO_TRAIN] 옷이 끼었아요
384,29,-0.442517,4.31664,열차
385,17,-1.8260406,2.800739,지하철에 바라는 점
386,17,-1.797867,2.7512236,지하철 피드백 하는 법
387,24,4.421029,-1.3227638,시끄러운 사람
388,45,3.2508748,-1.6033257,만취자
389,31,5.2049804,-0.7178079,통화
390,43,2.989746,-0.97068304,싸움이 났어요
391,68,1.3953428,2.377333,Destination Guide
392,-1,1.0797776,2.371229,Historical facilities
393,23,4.2935486,-2.0690713,사람도 많은데
394,25,4.440506,-1.8489637,승객에게 욕하는 사람이 있어
395,60,3.672803,0.437917,고정
396,15,-1.3152077,4.1277823,열차 존나 늦어요
397,52,0.89998096,-2.887311,제발요
398,17,-2.245543,2.605704,공항철도
399,57,2.8198276,0.8328352,조발
400,6,6.2676525,4.193488,[METRO_TRAIN]호에 파 까시는분 있어요
401,4,-3.8086927,-0.1405544,20분 늦게 출발하는건 뭐하는건가요
402,30,-0.29198405,4.4946413,열차에 벌레
403,53,0.16804053,0.84281635,서해선은 어디로 제기하냐고요
405,35,2.024107,-3.5355053,바람이라도틀던가
406,43,2.9046988,-0.9852296,분쟁
407,29,-0.19440953,4.230926,열차 게임
408,16,-0.34689707,2.705571,달미역
409,55,2.1048973,0.73391503,원시역
410,1,7.18224,-2.132755,계정신귝
411,24,4.4047284,-1.4227704,시끄러운 사람있어요
412,60,3.946858,0.24525398,볼륨 조절
413,60,3.8927062,0.32863903,볼륨조장
414,16,-0.2984558,2.490357,매트로팜 무슨 역에 있어?
415,26,2.1902554,1.3630655,3 느 는
416,-1,3.1051984,-0.9221843,노숙
417,69,1.0336686,-0.21575186,뭔개소리야
418,16,-0.26387775,2.530067,역 옆 빌라 거주.
419,5,-0.9386104,0.73881215,핸드폰 놓고 내리셨어요
420,48,0.03450196,-2.7937238,빨리
421,17,-2.2156098,2.5934808,항공철도
422,58,3.800859,2.0281248,AREX
423,58,3.7576683,2.060567,AREX
424,65,-0.32660016,-1.2244357,아뇨
425,5,-0.9382798,0.64122343,제가 떨구긴 했습니다
426,27,-0.14561872,3.9208837,[METRO_TRAIN]열차 입니다
427,36,1.3828032,-1.1239173,불친절
428,5,-1.0361398,0.8141686,가방을 두고 내렸어요
429,5,-1.0016302,0.7752587,짐을 두고 내렸어요
430,33,1.5948768,0.43700624,오늘
431,62,1.0532064,1.407885,문자
432,10,3.6262627,-3.5743728,더러우 요
433,10,3.7663524,-3.7365248,악취
434,52,0.8778368,-2.9030032,제발
435,64,-0.18452078,0.002000953,지금 왜 안가냐고요
436,-1,-0.5723317,3.8066175,[METRO_TRAIN]열차 왜이리 못가나요???
437,1,7.153132,-2.1595428,민뤈
438,63,0.48412773,0.8930943,이 같음샠시들아 무전기는 폼이냐 일단 보내
439,63,0.5636133,0.86262745,카톡 채널 있어?
440,9,-1.9880418,-2.2059002,급행
441,28,0.23761283,2.706131,우이신설선
442,68,1.8468953,2.1127095,Voc확인
444,37,3.6548831,-2.7700179,사람들 다 땀흘려요
445,42,2.600162,-1.8418354,내세금 아깝네
446,49,2.9197588,1.8719432,홍길동
447,69,0.91048336,-0.09119058,??
448,3,-4.8569484,-0.5003083,너무 느려요
449,5,-1.1731486,1.1160673,지하철에 가방을 두고 내렸어
450,42,2.3244047,-1.7259504,미친새끼들아
451,1,7.128067,-2.0992248,닸아야할꺼같아요
453,65,-0.27329144,-1.2691374,사람없엉
454,10,3.7557642,-3.7277343,악취가 남
455,6,6.1944847,4.1209097,[METRO_TRAIN]호
456,42,2.4317517,-1.8539808,개짜증나네
457,47,2.8975992,3.7072885,면접때 하는질문
458,10,3.774808,-3.722883,악취
459,-1,1.7954128,0.7352224,첫차
460,14,-0.7018859,1.7509923,현금
461,50,0.84774804,-2.2933211,링크를 주세요
462,35,2.3359237,-3.3594434,겨울인데 왜 바람이 나오나요
463,65,-0.28655827,-1.1738615,아니라고
464,7,1.1482924,-6.0019073,의자
465,21,-2.3694217,0.9607493,사람 타고 내리는데 문닫고 가네요?
466,44,2.305572,-4.0837145,닦아주세요
467,10,3.6311338,-3.6455078,오염됐어요
468,65,-0.2509985,-1.1230313,아니 저기요
471,9,-1.9811453,-2.237328,속도
472,54,2.2464855,0.87392753,1호런
473,25,4.4381905,-1.8245399,시끄러운 승객
474,30,-0.23880555,4.6290097,열차내 승객 불만
475,17,-1.6245043,2.7927485,지하철
476,52,0.987691,-3.0794404,제재좀해주세요
477,-1,1.2463671,1.5895675,[URL]
478,3,-4.854583,-0.53711915,느려요
479,40,2.843935,-0.29043928,탈퇴
480,62,0.9686128,1.2592443,문자로
482,12,-1.8013273,-1.3134601,진접행 배차 증설 요청
483,12,-1.8377532,-1.2716625,배차 개선 문의
484,32,4.6948066,-1.109014,시끄
487,70,1.4645022,-0.37313363,You are sb
488,69,1.0102247,-0.20401496,감히?
489,1,7.2087593,-2.0482812,你会中文吗
490,1,7.1718345,-2.144434,你好吗
491,22,4.093664,-1.1300102,사람이
492,50,0.7668833,-1.9503456,접수하면 해결을 하세요
493,69,1.1631223,-0.37808588,됫다 뭔 이딴게 어휴
494,65,0.285695,-0.7597905,역도못알아듣냐
495,47,2.6669695,3.8711326,면접 준비
496,17,-2.273928,3.2409525,지하철 내 음악소리
497,-1,2.3094025,0.5961399,로고 다운
498,-1,1.1727614,1.4292425,로고
499,40,3.1884081,-0.62709284,피해
500,-1,-0.36957678,4.4029183,열차내
501,65,0.10686025,-1.2413043,안열려요
502,16,-0.43680725,2.6915689,남준천역
503,66,0.44183016,-0.6907601,태그 못함
504,34,2.7947943,-4.2991333,밖에 영상 11도 입니다 ;;
505,40,3.1759343,-0.6073797,파손
506,5,-0.9668948,0.66250926,방금 내리는것 확인했습니다
507,14,-1.2343472,1.8427455,지하철 내릴 때 카드를 안 찍고 내렸오요
508,36,1.4442691,-1.1884738,성의없네
509,72,3.1738205,0.69830906,can you speek Chinese
510,37,3.8199077,-2.5546086,기침환자 많아요
511,18,2.0642078,-4.8949714,열선
512,14,-1.3033245,1.9612359,지하철에 카드가 떨어져있어요
513,42,2.8964272,-2.0969474,너무
514,-1,0.9688807,2.1652293,공책 잃어버렸습니다
515,46,3.4307017,-1.0158165,넘어짐
516,-1,-2.480213,0.8019825,문 빨리닫아요
517,39,2.4613535,4.0980034,필기합격자 발표 하는 곳
518,39,2.4311604,4.113109,필기 합격자 발표
519,68,2.2239091,2.4174027,시험
520,65,-0.010291728,-1.0709155,안 하세요
521,39,2.3970551,4.0370135,필기합격 발표
522,68,2.136327,2.477081,공체시험 발표
523,39,2.4345942,4.1137705,필기 합격자발표
524,39,2.420285,4.061752,필기합격자
525,-1,2.5203,2.6149359,종합관제
526,39,2.4192038,4.135545,필기 합격자 발표
527,39,2.3750913,4.1650157,합격자발표
528,-1,0.6230057,0.8957963,메트로 앱?
529,17,-1.6326457,2.7267964,지하철 미태그
530,55,2.3111634,0.5437493,미태그
531,38,2.7098262,-5.5419908,비둘기
532,17,-1.8194494,2.8549979,지하철 진상
533,-1,0.24276777,3.4598224,"Deer customers, hello. Our train is bound for Munsan."
534,-1,0.26671872,3.499185,"Dear customers, hello. Our train is bound for Munsan."
535,28,0.6645518,2.9581196,This train
536,29,-0.40408573,4.2233768,이번열차는
537,72,3.1346471,0.533362,도얼즈 어늘 라쁘투
538,39,2.427538,4.0951533,필기전형발표
539,40,2.734058,-0.8107963,민폐
540,17,-1.7231506,2.8565228,지하철 오염
541,32,4.7893295,-1.0589117,시끄럽게한다고
542,32,4.7442145,-0.9180251,시끄럽게해요
543,14,-1.2138666,1.9903089,지하철 티켓 신용카드
544,14,-1.0738549,1.9079102,지하철 티켓 신용카드 구매
545,69,1.0432384,-0.033381097,뭐 ? 7
546,69,1.0493132,-0.13893282,4÷46은 무엇입니까
547,-1,6.5904036,4.126271,YARI TC hated person
548,31,5.1276903,-0.6290191,핸드폰볼륨
549,31,5.0748787,-0.6368566,핸드폰소리
550,40,2.668325,-0.68996954,무단투기
551,17,-1.8994509,2.925208,지하철 무단투기
552,33,1.5855526,0.4328511,오늘 무료인가요
553,22,4.0071697,-0.94336724,이동상인
554,-1,-0.5592094,4.3415008,열차 출발
555,-1,1.2707341,-2.06434,포털연결안됨!!
557,55,2.3564284,0.59172547,미테그
558,3,-4.8843646,-0.53759784,느리다고
559,19,-0.9324452,4.277199,열차 느림
560,15,-1.5333723,3.9387157,지하철이 너무 느려요
561,44,1.7369703,-3.7619307,환풍 해주세요
562,68,2.2964418,2.2091818,품평회
563,44,1.8432287,-3.9267733,송풍기라도 가동해주세요
564,-1,5.7923203,3.5307817,동물
565,48,0.35646138,-2.7290564,빨리좀 움직이라고 해주세요
566,56,2.7908757,1.1497984,6-1번칸
567,37,3.9575317,-2.3664052,사람이 너무 많아서
568,46,3.5663743,-1.127763,사람이 쓰러져있어요
569,14,-1.0275106,1.7643837,직불카드로 찍은줄알았는데 안찍혔어
570,4,-3.8495264,-0.116868466,왜이리 늦게 가나요
571,37,3.595638,-2.8668644,땀내술내
572,17,-1.6409478,2.6695096,지하철을 위한 앱
573,-1,0.97741526,0.98759645,어떤 앱
575,59,2.3656025,3.1388872,경력
576,26,1.8594769,1.5262506,역 내 3디맵
577,26,2.1095679,1.4033616,3디 맵
578,26,2.0796354,1.4650308,3D 맵
579,43,2.8924305,-0.9573611,싸움났어요
580,7,1.091236,-5.996862,의자 열선
581,34,1.5690123,0.323411,며칠째..
582,21,-2.476387,1.096852,문닫힘
583,35,2.3447974,-3.4041626,바람이 너무쎄요 한겨울에
584,8,1.2966852,-5.6877723,좌석이 차가워요
585,7,1.2102461,-5.755493,의자없는칸
586,34,2.897648,-4.322448,기후동행
587,46,3.7188184,-1.3515705,누가 물을 엎질렀어요
588,11,-1.4043162,-1.4982983,더 자세히
589,-1,1.5495008,-1.6822221,(￣□￣;)!!
590,57,2.882895,0.83839965,북한
591,-1,1.7669861,0.26914227,자유다니까
592,51,1.0029706,-2.623087,일 좀 열심히 해주세여
593,72,2.8237045,0.7694868,친절
594,-1,2.0561357,-3.6950066,[METRO_TRAIN] 칸에 있는데 송풍이 너무세요. 줄여 주세요
595,62,0.96913743,1.3149941,문자
596,12,-1.857329,-1.1348032,배차 안지키네
597,24,4.4553194,-1.2312063,시끄럽게 떠드는 사람이 있어요
598,17,-2.3331559,3.3415394,지하철에 시끄러운 사람이 있어요
599,17,-2.0432153,2.991295,지하철에 어린이가 혼자 타고 있어요
600,8,1.2678409,-5.7495074,좌석이
601,43,3.0202348,-1.3793054,애정행각
602,17,-1.7829065,2.85266,지하철
603,70,2.1825736,-0.27210593,이용했습니다
604,-1,0.018068671,3.1256642,승차
606,36,1.4962783,-0.9779456,엉뚱한답
607,47,3.0095422,3.563795,상담
608,65,-0.2913193,-1.1696801,아니
609,-1,-0.11091237,-1.490881,대낮에 사람도 없는데
610,67,2.189438,1.6527843,어플
611,16,-0.66258115,2.7337532,구룡역 츌발 도착지하철
612,0,7.819565,5.010218,[KORAIL_TRAIN]
613,6,6.168557,4.1349425,[METRO_TRAIN]호 전등 좀 켜주세요
614,8,1.276074,-5.7421894,좌석
615,-1,-2.476804,1.1864445,승차중 문닫힘
616,21,-2.450632,1.0398498,문닫힘
617,41,2.610785,-2.0946271,엉덩이
618,50,0.8603201,-1.6095223,불만
619,22,3.8133502,-0.6431887,잡화상
620,74,3.7690964,1.2158142,apdlf ekaekdwk
621,41,2.3288202,-2.2224896,엉덩이 타겠어요
622,17,-1.8808738,3.0453558,지하철 민폐
623,-1,1.0752826,2.2947903,분실물센터
624,-1,3.5761583,1.2770615,지티엑스
625,31,5.109649,-0.8248119,너무 시끄러운 통화
626,32,4.799576,-1.061656,너무 떠들어요
627,1,7.1424246,-2.1483607,지핳
628,46,3.8375666,-1.3193735,거수자
629,47,3.0854027,3.3646233,환자
630,12,-2.2182405,-0.9306957,오남역 평일 19시 24분 출발 차랑이 안왔습니다 차량배차가 변경된건가요?
631,4,-3.9087408,-0.122129984,왜이렇게 늦어요
632,4,-3.8783164,-0.12015497,왜이렇게 늦게가나요
633,50,1.0743574,-2.159082,사람 부르라고
634,-1,1.2668607,-1.9154469,야 사람 불러
636,-1,2.453862,-1.0650967,낭비입니다
637,14,-1.2670497,1.9108821,지하철을 타고 나오는데 카드가 안찍혔는데 어떻게 알아볼까요
638,11,-1.437678,-1.4600407,얼마나 더 자세히 입력해 배차 이게 맞냐고
639,68,2.1197965,2.6925054,보수내규
640,41,2.3928041,-2.054929,와 엉덩이 익어요
641,-1,1.708958,0.7778823,이런 말씀 처음 드려봅니다.
642,41,2.4639084,-2.102836,엉덩이가 익을 것 같아요
643,11,-1.4084306,-1.5181636,학습을 더 해
644,52,1.068226,-2.9192486,다 같이 퇴사해라
645,-1,4.4459443,-0.46318415,폭탄
646,43,2.988517,-1.4681789,성희롱
647,43,3.0387187,-1.4323324,성희롱
648,43,3.0125675,-1.4818542,성희롱
649,38,2.8637853,-5.1993723,연기
650,38,2.8709219,-5.2731676,연기
651,68,1.752492,2.4523914,보고서
652,68,1.5184304,2.4485621,information about baekho
653,59,2.2709339,3.1306036,직원 명단
654,47,2.8828363,3.1836848,보험
655,14,-0.2291547,1.6757544,사업자등록증 어디서 찾아
656,68,1.6161247,2.1202633,사업자 등록증
657,2,2.8041587,7.0994205,조직도
658,17,-1.2701898,3.073969,서울교통공사 [METRO_TRAIN]년 미화원 모집시기궁금해요
659,-1,1.0055733,2.3293128,납골당
660,48,0.0072172787,-2.783651,덕분에 1분씩 빨리
661,32,4.6244435,-0.56819814,노래부르는놈있음
662,57,2.6881618,1.168445,클래식
663,7,1.0551386,-6.0711517,온열의자
664,44,1.6996884,-3.848119,환풍기를 돌려주세요
665,18,2.4144785,-5.139837,궁뎅이 불탄다..
667,74,4.0884585,1.4229292,Ow7wwui777w6wi6iw6izfzrrrzf7wwuw
668,74,4.051861,1.3128808,Uuaua9uGeddyuuueus
669,-1,3.6984963,0.86339,Ydyyu
670,73,4.201571,1.486193,Tssyrtrgtwhwwtewyegfwwgfhfssgtshstgsrewhetshwodjh
671,74,3.7847865,1.2321825,Dfvfdngnnbjhln
672,30,-0.2573688,4.521847,열차 내 쓰레기
673,43,3.0136037,-1.231475,2대 입니다
674,2,2.7869265,7.1184034,조직도
675,2,2.796578,7.107582,조직도
676,27,-0.19356006,3.8951712,[METRO_TRAIN]열차 TSManager 껴졌습니당
677,-1,3.137913,1.1682523,Ttusdedyryr6fit8
678,73,4.148957,1.4164227,Yuxvgxggudyuuhydjuuyjheheeuososjiseeneeudjjjiji0k
679,55,2.330048,0.5439202,I0
680,73,4.1508694,1.4343203,Uijzhhhzhyzhzy8uu9hhhxhy
681,73,4.117484,1.538752,Eerrtghyhgjghvkvkcjgkhhhohi
682,65,-0.2934686,-1.1954993,아니!!
683,50,0.7535253,-2.1056824,접수 바랍니다
684,64,-0.06904345,-0.108948596,왜 안와
685,57,2.364484,1.1039759,명절
686,16,-0.53063774,2.7338583,탄현역
688,44,1.6289058,-3.9206226,환기좀해달라고
689,44,2.0900836,-4.3458915,환기해주세요
690,38,2.6089911,-5.5359077,환기
691,44,2.1788697,-4.4920096,환기요청
692,17,-1.6354612,2.9258916,지하철 내 종교활동
693,51,0.9305093,-2.5255501,연결해줘
694,-1,1.6027322,2.3504224,보도자료
695,-1,2.8172367,0.5916191,재매이햄
696,60,3.9537857,0.5353237,윤두창
697,72,3.2028902,0.5387113,자한당
698,72,3.117611,0.4987432,열우당
699,65,-0.25861585,-1.1486448,아니 그거 말고
700,65,-0.20598952,-1.136398,아니그게
701,-1,0.987092,1.312318,문자상담
702,21,-2.4988284,1.0993469,문잣 담
703,6,6.121433,3.9186075,[METRO_TRAIN] 개 있음
704,17,-1.8744342,2.9829717,지하철 좌석에 본인 짐을 두어 못앉게 합니다.
705,66,0.58386195,-0.8931438,대답이 없어요
706,-1,2.7761903,3.3461418,문자 상담
707,46,2.1508663,3.214833,[METRO_TRAIN] 호실 잠깐 쓰러진 후 앉아있는 손님 있어요
708,41,2.2623599,-2.1866422,거참 쪄죽겠네
709,60,3.9688618,0.3682061,볼륨
710,57,2.5470216,1.4717622,특정제품
711,51,0.95503193,-2.5073626,해줘요
712,4,-3.687636,-0.23979276,30분째 안오고있어서 야외에있어요
713,74,3.653701,1.2836101,tlqkf
714,20,-2.819053,1.4917779,내리실 문은 왼쪽입니다
715,-1,1.2870816,-5.8898053,의자가 불타고있어요
716,1,7.1945987,-2.1436253,개좆같네
719,4,-4.13376,-0.21810779,늦게와
720,15,-1.3192055,4.0974226,기차 정시에 안오고 늦어
721,38,2.7560246,-5.457755,가스
722,48,0.13766123,-2.7827044,빨리 좀
723,16,-1.2277135,2.5269904,4번출구 막힘
724,16,-1.03697,2.4601483,4번 출구
725,-1,3.6312895,1.1767797,Ttuiyii
726,64,-0.09590048,-0.14054778,왜 안가요
727,12,-1.9085829,-1.1730663,배차
728,17,-2.1427014,3.2249355,지하철내 승객간 충돌
729,7,1.1411622,-5.993939,의자가..
730,29,-0.36413032,4.3327327,열차
731,-1,2.485016,2.6779566,Citizen safety monitor
732,57,2.4602888,1.1163849,Map
739,1,7.1410613,-2.1107173,출빕문이안닫혀요
740,17,-2.0733297,3.0836482,지하철 에불이났어요
741,40,2.781925,-0.3094334,누가절만져요
742,42,2.8521845,-1.8865352,현기증나
743,14,-0.93270534,1.7563083,카드 미체크
744,14,-0.93859357,1.7533041,카드
745,-1,-2.419597,1.5832698,이번 역은. 오빈. 오빈 역입니다. 내리 실문은
746,-1,-2.53814,1.5913013,이번 역은 오빈. 오빈 역입니다 내리 실문은 .왼쪽입니다.
747,74,4.0142164,1.3515266,F?ffxfgftgytauuyua79uwu
748,22,3.997676,-0.9256912,이동상인
749,-1,2.3870842,-0.12647317,라커말고..
750,-1,1.8038583,-4.41764,지금 들어오는 열 차는
751,-1,1.8193784,-4.4372773,지금 열 차는
752,29,-0.502264,4.3518953,지금 들어오는 열차 는
753,73,4.1454186,1.4357669,Ygxhhhghdhgdh vvvhgnhjigdhdghgdhgshhyhhejhjheuui
754,-1,0.37497255,0.6502798,로그인 어디서 해요
755,44,1.6563516,-3.6755655,별풍선 5개를 선물했습니다. 윽박아 뒤에 귀신 있다. 뻥 안치고
756,44,1.711939,-3.7704887,별풍선 100개를 선물했습니다.
757,74,3.95083,1.2853085,ABCDEFGHIJLMNOPQRSTUVWSYZ
758,72,3.5001657,0.83521146,Wowoekekjdn
759,72,3.5494187,0.85851693,Oiidjdjdjs
760,61,3.393344,1.2642878,VQvQ
761,54,2.4843173,0.98774827,1tyg
762,56,2.758072,1.1205235,5lyye
763,55,2.1025767,0.58477217,Even
764,61,3.257705,1.4480499,Vsr
765,-1,3.4183316,0.5672053,Yb
766,57,2.6793172,1.0359097,Tr
767,58,3.8270674,2.0065246,Rt
768,58,3.8214703,2.0097895,Rt
769,58,3.8270774,2.0361166,Roblox
770,6,6.3161597,3.9930255,[METRO_TRAIN]칸
771,38,2.648275,-5.498126,환기
772,-1,1.4304806,1.6523019,알림설정
773,65,-0.20060284,-1.1566817,꺼져
775,-1,1.95425,0.016204381,Ai아니내
776,42,2.3826208,-1.9731722,귀찮아
777,-1,2.1382194,1.1995955,왼 쪽입니다.
778,20,-2.7588599,1.5274498,내리 실문은. 왼쪽입니다.
779,20,-2.77009,1.4862868,내리 실문은 .왼쪽입니다.
780,20,-2.812744,1.5391228,내리 실문은 왼쪽입니다.
781,-1,-2.5338764,1.2061284,내리 실문은
782,22,3.920282,-0.7415021,내리 실물은
783,21,-2.5347424,1.1636046,내리.실 문은
784,21,-2.542957,1.2283716,내리실. 문은
785,16,-0.35107794,2.651999,이번 역은. 덕소. 덕소역입니다
786,-1,1.4762923,1.6017717,공지
787,17,-1.9773085,2.3739946,지하철 도어문
788,6,6.2141886,4.1203446,[METRO_TRAIN]호
789,-1,-2.5036023,0.74204946,문을 빨리 닫았습니다
790,65,-0.41983798,-1.1750458,없습니다.
791,56,2.9065013,1.3354717,151
793,31,5.205336,-0.67266685,통화
794,68,2.4390955,1.9391687,발주
795,47,2.966241,3.5250442,상담우너
796,-1,2.351266,-2.7791374,눈으로 봐도 앉고 싶은 머음이 없어요
797,42,2.456802,-2.289761,도저히 앉을수가 없네요
798,68,2.475403,1.9553807,발주
799,41,2.40064,-2.24307,엉덩이 불탈거 같아요
800,32,4.7626166,-1.10734,시끄러우 요
801,70,2.207627,-0.25676432,", [;.\'"
805,44,2.1473987,-4.513775,환기요청
806,7,1.1505817,-5.9864655,의자열선
807,18,2.050491,-4.9621644,열선
808,16,-0.8362886,2.8278487,서울숲역
809,14,-0.8762824,1.7134216,기후 카드
810,34,2.9001303,-4.3496747,기후
811,-1,3.759881,1.268047,Ddczfbghgbhbg
812,73,4.139261,1.4115809,?d?dfgfnhzzhzgjghgzghhjjihhjkhhjijajikh
813,-1,3.855326,0.96476287,Yuwu
814,73,4.2535677,1.4519256,Rgsghshshhgjsgsjsghhiijiuaoujihijhhijwakjooo
815,6,6.125219,3.907737,[METRO_TRAIN]syyyhuhwhjjayajjiuajaauaajujuiwaiaaiaj
816,58,3.8754306,1.9564813,rusgkr
817,24,4.4028463,-1.6623561,시끄러운 사람들
818,22,4.0728545,-1.1401472,사람 연결
819,72,3.1147735,0.41590405,견핫
820,72,3.1317055,0.39109108,견핫
821,17,-2.2698967,3.2893486,지하철에서 삐 소리가 납니다.
822,7,1.140611,-5.9941807,의자열선
823,18,2.0297437,-4.917653,열선
824,7,1.1467543,-6.004033,의자시트
825,32,4.69845,-0.61756474,소리
826,-1,2.6646307,0.40001148,재입고
827,67,2.2695744,1.6719857,카카오
828,15,-1.4383012,3.98524,별내별가람역에 평일 오후 9시 47분 차가 공지나 방송없이 아예 오지 않았고 이후 지하철도 연착됐어요
829,50,0.76078,-1.892203,사건접수
830,24,4.461387,-1.263729,연설하는사람이 있어요
831,2,2.7885916,7.117163,조직도
832,17,-2.3533459,3.3693893,2호선 [METRO_TRAIN] 차량번호의 지하철 이동 소음이 매우 심합니다. 덜컹거리는 소리가 매우 커서 점검이 필요해보입니다.
833,64,0.037444506,-0.12371248,왜안가요?
835,41,2.636839,-2.2894406,엉덩이가 너무 차요
836,47,2.9113135,3.6221838,채팅상담
837,70,2.0195315,-0.35000426,아...
838,25,4.424182,-1.8569695,아니 승객이 멍청아
839,48,0.21284395,-2.7745464,쫌만 빨리 가주세요
841,-1,-0.39005294,4.0140643,기차별로 칸 숫자가 달라?
842,49,2.8480406,1.8189714,홍길동
843,16,-1.0079677,2.7582426,서울지하철로언
844,1,7.1909747,-2.1861436,서웋
845,68,1.4606373,2.4749162,Contact information of the department in charge
846,68,1.3263751,2.445172,Information on lost and found
847,5,-0.97018516,0.74374765,i lost my bag
848,32,4.6507797,-0.53682476,음악소리
849,-1,4.5937,-0.7269159,[METRO_TRAIN] (2) 음악틀고 춤추는 사람
850,14,-0.89310884,1.7445583,신용카드 또는 체크카드로 1회권 구매할수있어?
851,8,1.2579432,-5.7964363,좌석
852,31,5.1327367,-0.7530362,큰소리로 통화
853,37,3.480838,-2.8544183,왜이렇게 덥냐
854,34,1.5749876,0.2384738,오늘 날씨 어때?
855,68,1.6980282,2.4781392,부하내역서
856,13,0.08229117,4.121147,열차 내 종교연설
857,-1,0.30969828,0.44634083,로그인에 문제가 있어요
858,12,-1.941013,-1.1887121,배차
859,47,2.9885428,3.5907056,상담
860,50,0.859382,-1.6138732,불만
861,-1,2.3264437,0.23817357,다음으로
862,46,3.5026472,-1.1694293,좌석에 여자가 쓰러져있어요
865,21,-2.3402183,0.88804585,타고있는데 문은 닫으면 어떻합니까
866,53,0.18445094,0.89019704,서해선
867,53,0.30657277,0.94058794,서해선문자는 뭐에요
868,62,1.0131575,1.3717408,문자
869,63,0.61026406,0.94004786,문자 접수 어떻게해?
870,63,0.54540455,1.003106,문자 어떻게 보내?
871,62,1.0254582,1.0151442,일본어
873,28,0.23620805,2.4596086,이번역은
874,68,1.6135623,2.4962833,보고서양식
875,-1,1.9314716,-1.0145183,아니 누가 자꾸 떠든다고
876,31,5.2243,-0.67527896,통화
877,24,4.52195,-1.2389606,다른 사람이 너무 시끄럽게 합니다
878,-1,-2.447965,0.8824746,문 좀 닫아주세요
879,4,-4.1764364,-0.23735838,늦어요
880,32,4.723455,-0.79467857,소리를 지르는 할아버지 계세요
881,52,1.3690176,-3.2312782,소리 좀 줄여 주시겠어요?
882,52,1.3915424,-3.197084,볼륨 줄여주세요
883,42,2.841033,-2.0976496,너무커요
884,66,0.7442304,-0.9682136,내가원하는답이없네
886,57,2.8133657,0.71533036,luggage
887,57,2.6079242,0.8301651,유인보관소
888,6,6.2540803,4.0224433,[METRO_TRAIN]간에
889,65,0.18126759,-0.9261771,안뜬다고요..
890,-1,0.8157944,-1.4180549,말귀좀 알아먹어라
892,-1,1.209046,0.18076135,지금 상황?
893,33,1.4598838,0.4262031,지금
894,3,-4.873881,-0.5468233,느려
895,17,-1.6303029,2.8841758,지하철 속도
896,15,-1.5145781,3.9875174,지금 지하철 너무 느려
897,64,0.288102,0.09188712,갈수있냐고요
898,8,1.3616173,-5.513363,좌석에 열선이 안들어옵니다
899,12,-1.9141589,-1.2124032,배차
900,17,-1.7785572,2.8589358,지하철
901,45,3.396441,-1.5216625,자는사람
902,65,0.08931812,-1.232556,안열려요
903,37,3.5787337,-3.0776613,[METRO_TRAIN] 1번칸인데 너무 습합니다.
905,69,0.6804421,0.19172004,주문을 하면 되는 건지?
907,66,0.4619584,-0.78639036,입력이안됨
908,-1,0.38677755,3.176788,The train is noisy.
909,17,-1.7450343,2.7065942,가난한 서울 지하철
910,-1,-2.4811435,1.363923,문산가.는
911,23,4.265369,-2.0629537,이용객수
912,55,2.2697418,0.54034454,미태그
913,5,-1.0221658,0.7788519,안찍고 내렸어요
914,14,-0.521901,1.7628074,K패스 구매
915,14,-0.5298835,1.7630864,K패스 구매
916,45,3.3855267,-1.4519008,자고잇는사람이 잇어요
919,62,0.9901036,1.3809705,문자 반부
920,61,3.2650506,1.1924502,그리고 F I'M ##
921,61,3.3099847,1.255663,B. 평균 이하
922,61,3.0879116,1.1808952,A. 평균
923,28,0.46672907,1.8436052,For Seoul station
924,48,-0.00905539,-2.8110435,식스 세븐 (너는 너무 빨리 떠났어)
925,56,2.8182569,1.1090927,여섯 일곱
926,56,2.71789,1.1345625,여섯. 일곱
927,56,2.856636,1.3595796,67
928,74,4.0624027,1.307446,Jsjwjsjajqoqowowoqowikdjdnxnxjeieidjfnjdiapqoqkqoqoaoaoosxmmxmzsmwmqmqpqpwpdkdkqkqkwmdw
930,17,-1.9483354,2.923136,서울 지하철이 너를 괴롭히게 할 거라고 말할게
931,41,2.068301,-2.183592,내가 래리에게 너를 괴롭히라고 말할게
932,-1,1.078895,-1.772875,내가 말해줄게
933,28,0.54724294,1.4408323,서울은 @Seoulmetrogamer를 팔로우하세요. d. E .c .k.. A.s.a.n
934,16,-0.3359114,3.3713346,서울지하철게이머의 성의 덱
935,14,-0.9048929,1.8479981,무료카드
936,16,-0.9904674,2.3680425,무료지하철
937,22,3.9856894,-0.92006505,이동상인
938,70,1.6773409,-0.41141284,나는 너를 좋아해
939,74,4.0421267,1.3495191,Jaioiskqkaoqkdjxkwodkdkapwoapwlskxjsjwkdkwkwjskroblox
940,69,0.96073246,-0.09460532,무슨 일이 일어났나요
941,34,1.5252343,0.2851442,내일 일어날 건가요?
942,-1,2.241465,-1.5788944,"아니요, 나는 나쁜 꿈을 꿨습니다."
943,-1,2.021756,-1.6107398,이건 그냥 꿈이었어!!
944,70,1.9465777,-0.4705834,아아아
945,4,-3.8518925,-0.10984745,23단계: 그가 듣고 있지 않다는 것을 깨닫다
946,70,1.9564738,-0.4223465,아아
947,18,2.1526177,-2.706039,불을 켜고 그를 무섭게 해라
948,71,3.0170147,0.19572024,Zzzz
949,-1,0.41042098,-0.16772339,"이봐, 그는 집에 뭔가를 잊어버렸어."
950,48,0.5201356,-2.6529224,집으로 달려라
951,51,1.0493025,-2.762164,지금 아래층에서 너에게 뭔가 주어야 해
952,70,1.5646323,-0.464996,야 친구
953,26,1.9509475,1.430275,3단계: 아래로 내려가세요
954,-1,1.0326203,-1.9333584,너의 엄마가 저녁 먹으라고 부르고 있다는 것을 깨달아라.
955,-1,2.4915965,0.08473463,게임하는 것을 즐기세요
956,-1,1.8135818,-0.04159931,AA가 있으면 나는 혼자가 아니다
957,-1,2.3197942,0.091533266,"좋아요, 이 게임을 하면 돈을 줄게요."
958,-1,2.1778595,0.17887221,Well you played this game from yesterday
959,61,3.2868319,1.266944,A B C D E F
960,70,1.9276798,-0.36487514,있어요
961,31,5.2263746,-0.74427474,시끄러운 통화
962,-1,-2.443329,0.8292196,문 빨리 닫아주세요
963,10,3.684613,-3.512954,똥물
965,40,3.073649,-0.392646,질서저해
966,16,-0.7535117,2.7923098,서울숲역
967,70,2.0805266,-0.4138333,처둬요
968,-1,3.171999,0.1543338,잡상
969,-1,1.2357045,0.59430456,지금.서울.
971,57,2.8714855,0.6106742,t-수하물
972,57,3.001363,0.3967189,수하물
973,19,-0.8286667,4.331659,열차 정시보다 먼저 출발
974,6,6.329605,4.155556,[METRO_TRAIN]호야
975,5,-1.0610795,0.826807,가방을 놓고내렸어
976,29,-0.3808973,4.186039,회송열차
977,15,-1.5143099,3.905674,지하철이 늦게 오는건 그렇다쳐도 일찍오는건뭐죠
978,4,-3.6768646,-0.1631309,1대 놓쳤는데 왜 30분뒤에 옴? 장난하심??? 첫차인데
979,19,-0.92016155,4.286394,열차간격이 너무길어요
980,25,4.424687,-1.74444,너무 시끄러운 승객이있어요
981,15,-1.2902873,3.6581557,왜 지하철이 안가고 서있죠
982,52,0.8273451,-2.9225087,살려주세요
984,37,3.4872005,-2.4110115,사람이 너무 많아서 숨을 못쉬겠어요 몸이 눌려서
985,10,3.5113187,-3.645147,세탁비
986,16,-0.48115298,2.7411702,암사역사공원역
987,69,1.1737891,-0.29432875,야 너 뭐야
989,69,1.3219986,-0.45497805,너 장난하냐
990,42,2.7973964,-2.082755,너무느려요
991,68,2.2126596,2.5472653,인지능력검사
992,68,1.9737067,2.2635515,증거
993,42,2.294342,-1.925778,얌전히 하면 들어먹질않는구나
994,0,7.843164,5.0342183,[KORAIL_TRAIN]
995,14,-1.26188,1.9932994,지하철 카드 태그
996,14,-0.9260219,1.728519,카드 잘못태그
997,63,0.65635455,1.0184205,문자는 어떻게보내?
998,13,0.7355161,3.915307,종교인 설교
999,17,-1.7825897,3.014412,지하철 조발
1000,33,1.7214141,0.5075629,오전 5
1001,3,-4.9109282,-0.50051844,[METRO_TRAIN] 너무 느리게 움직여요...
1002,3,-4.868596,-0.4937797,[METRO_TRAIN] 너무 느리게 가요...
1003,12,-1.8896569,-1.0897999,배차 안맞음
1004,68,1.7482147,2.58954,식단표
1005,-1,0.05534347,-0.5816501,아니 안들려?
1006,72,2.9961302,0.32736763,해피톡이니
1007,37,3.4181852,-2.9082432,지하철 너무덥네요 땀이나요
1008,-1,1.4262283,1.5797148,최근 공지
1009,55,2.2912614,0.560045,미태그
1010,49,2.9039407,1.8694227,홍길동
1011,19,-0.5842437,4.345787,열차 도착
1012,38,2.9332697,-5.156805,흡연하는 사람 있어요
1013,0,7.813124,5.001517,[KORAIL_TRAIN]
1014,51,0.8753112,-2.4560196,올려주세요
1015,46,3.3446574,-1.1074388,바닥에
1016,-1,1.4148347,-0.6500856,알려드립니다
1017,-1,2.080647,0.09508026,ai말고
1018,72,3.3038185,0.59251404,지히
1019,11,-1.4260007,-1.5386283,더 자세히
1020,38,2.5915802,-5.5575385,환기
1021,44,1.5580562,-3.605724,환풍 좀 해줘요
1022,32,4.7859674,-0.54671305,벨소리
1023,47,3.1364205,3.34596,환자있어요
1024,40,3.0896184,-0.24237837,흘림
1025,18,1.9452658,-4.995753,열선 off
1026,17,-2.313242,3.3680584,지하철내에 소리치는 시람이 있어요
1027,-1,2.7704153,0.11220646,계속 활동중이네요
1028,52,1.0397699,-2.778342,내려주세요.
1029,30,-0.24397251,4.37927,열차종교활동중
1030,54,2.3604496,1.0184536,1:1 민뤈
1031,32,4.8217874,-0.99956244,시끄러
1032,36,1.3837306,-1.1819825,불친절
1033,2,2.8118746,7.0892873,조직도
1034,64,0.03302329,-0.31147352,근데 왜 안받으실까?
1035,33,1.5707314,0.390946,오늘 왤케밀리노
1036,7,1.1004161,-5.99978,의자는요?
1037,17,-2.189452,3.1549642,지하철 왜 이렇게 흔들려요
1038,3,-4.903645,-0.50650436,느림
1039,31,4.9661493,-0.8622917,차량 번호 [METRO_TRAIN] 전화를 너무 시끄럽게 오래 하는 사람이 있네요 방송 부탁드려요
1040,52,0.9658908,-3.0014048,중단바랍니다.
1041,28,0.35693714,2.2870696,oh so whats [Buramsan] station
1042,35,2.2128642,-3.5064247,바람이 너무 셈니다
1043,52,1.1492072,-3.1686103,제발 바람 나오게해워요
1044,23,4.378885,-2.0199645,혼잡
1045,9,-1.95575,-2.2486587,속도가 빨라요
1046,9,-1.9718152,-2.234195,속도
1047,4,-3.887616,-0.09360868,왜 늦게 오냐거
1048,15,-1.5287954,3.9247622,지하철 늦어요
1049,57,2.5917072,1.5473508,권세
1050,58,3.861668,1.9387903,Rmjstp
1051,58,3.8964045,1.9866741,LLsstu
1052,58,3.9484158,2.0072782,Lees
1053,72,3.4545922,0.7638909,Didjd
1054,57,2.8042107,1.2178612,Rec
1055,72,3.2436843,0.68433595,Eydydy
1056,58,3.84704,1.6986918,Mrjf
1057,59,2.278049,3.1984544,직원공간
1058,50,0.7608521,-1.7488693,불만접수
1059,20,-2.8267465,1.5247513,내 리실 문은 왼쪽입니다.
1060,21,-2.5656924,1.1862433,내 리실 문은
1061,20,-2.7057884,1.3826889,내리 실문은왼쪽입니다.
1062,20,-2.703841,1.4043336,내리실 문은왼쪽입니다.
1063,20,-2.6900306,1.3850602,내리실. 문은왼쪽입니다.
1064,20,-2.7860143,1.5140928,내리실문은 왼쪽
1065,-1,1.5098407,-1.7251319,에취~!
1066,-1,0.37569392,-0.003392983,다른 데 따로 있는건 없어?
1067,61,3.185398,1.440384,비콘
1068,-1,2.404846,2.2743762,비콘 확인
1069,69,1.0466768,-0.16702157,차륜이 뭐야?
1070,66,0.3860665,-0.789122,접수가 안되네여
1071,-1,1.0733231,2.290152,분실물센터
1073,59,2.292881,3.1780636,직원찾기
1074,24,4.4244905,-1.3259367,시끄러운 사람이 있어요
1075,30,-0.26245514,4.541469,열차 안 소동
1076,-1,1.636514,-1.6454785,보리야!!
1077,-1,1.9823761,-1.5383637,보리
1078,14,-1.1858101,1.8734634,지하철 카드를 안찍고 나왔어요
1079,50,0.7821126,-1.6974213,불만접수
1080,9,-1.9811612,-2.2407932,과속
1081,20,-2.777719,1.4889852,내리실 문은. 왼쪽입니다.
1082,17,-1.5995127,2.7912517,잉? 지하철에 타고 있는데요?
1083,15,-1.2937852,3.6129763,왜 지하철이 안오나뇨
1084,1,7.166459,-2.120966,冷暖房受付（暑い/寒い）
1085,1,7.3287416,-1.956414,よくある質問
1086,30,-0.3108564,4.4915595,열차 진동
1087,70,1.6031301,-0.17497869,이걸. Ai냐
1088,-1,1.9429994,1.171856,녹취했고. 근거있습니다
1089,54,2.2567747,1.0621114,정식으로 의로합니다.
1090,50,0.7974956,-2.0816464,답신 주세요.
1091,59,2.263522,3.149171,같은 직원을 부른건지
1092,6,6.2580485,4.0944953,[METRO_TRAIN]호 시끄러웡6
1093,40,3.097956,-0.4006785,질서저해
1094,-1,-0.65453935,-1.0293717,경강선은 없잖아
1095,27,-0.18045862,3.8422542,[METRO_TRAIN] 열차
1096,-1,2.9288068,0.9190709,api
1097,54,2.0666647,0.5366049,open api
1098,38,2.5995407,-5.1909947,공기청정기
1099,30,-0.36415538,4.500622,열차 내 공기청정기
1100,6,6.2162805,4.114511,[METRO_TRAIN]호
1101,17,-2.2223012,2.6075714,공항철도
1102,34,2.8658893,-4.3597913,날씨
1103,34,1.5401906,0.24786375,오늘 날씨 어때?
