clusterId,size,isNoise,topKeywords
17,56,False,"지하철에, 공항철도, 지하철에서, 미태그, 매우"
68,28,False,"information, 발주, 재무제표, 보고서, 통계"
32,22,False,"시끄러우, 소리, 떠들어요, 시끄럽게, 씹어요"
38,22,False,"환기, 연기, 환기요청, 흡연하는, 산소"
14,20,False,"카드, 구매, 신용카드, 카드가, 카드를"
1,19,False,"민뤈, 서웋, 파냉해주세욥, 지핳, 좌석엸선"
6,19,False,"metro, train, 호입니다, 호에, 호야"
16,19,False,"서울숲역, 무슨, 행신역, 역에, 서울지하철게이머의"
65,19,False,"아니, 아니라고, 안열려요, 저기요, 말고"
4,18,False,"늦게, 늦어요, 왜이렇게, 첫차인데, 않다는"
52,18,False,"줄여주세요, 제발요, 소리좀, 퇴사해라, 주시겠어요"
57,18,False,"수하물, 특정제품, 특급, 진도, 행신"
72,18,False,"견핫, 어늘, 지히, 열우당, 스핑"
37,17,False,"많아서, 너무덥네요, 덥네, 사람, 사람이"
42,17,False,"개짜증나네, 생각할수록, 현기증나, 아오, 없네요"
0,15,False,"korail, train, 옷이, 끼었아요, nickeodeon"
3,15,False,"느려요, 느리게, 느림, 느려, metro"
12,15,False,"배차, 진접행, 안왔습니다, 안맞음, 이렇게하죠"
69,15,False,"뭐야, 일이, 일어났나요, 해야돼, 주문을"
15,14,False,"지하철이, 느려요, 늦어요, 늦게, 존나"
40,14,False,"질서저해, 파손, 흘림, 피해, 침하"
44,14,False,"선물했습니다, 환풍, 별풍선, 개를, 환기요청"
47,14,False,"상담, 상담우, 준비, 하는질문, 자동챗봇말고"
58,14,False,"arex, rt, 라냐아냐, 감삼다, rusgkr"
70,14,False,"are, 아아, 좋아해, 이용했습니다, 이걸"
2,13,False,"조직도, 총무처, 조직도를, 보여저, 기업개요"
5,13,False,"가방을, 두고, 내렸어요, 두고내렸어요, 놓고"
41,13,False,"엉덩이가, 엉덩이, 시려워요, 같아요, 익어요"
48,13,False,"빨리, 세븐, 움직이라고, 식스, 집으로"
7,12,False,"의자, 의자열선, 꺼줘, 열선, 의자는요"
21,12,False,"문은, 문닫고, 문닫힘, 타고, 타는데"
30,12,False,"소동, 열차에서, 열차칸, 소리가난다, 열차종교활동중"
36,12,False,"불친절, 잘못, 안쓰는듯, 엉뚱한답, 성의없네"
43,12,False,"성희롱, 애정행각, 욕설, 싸움이, 싸움났어요"
50,12,False,"불만접수, 불만, 자료, 피드백요청, 접수하면"
10,11,False,"악취, 악취가, 오래된거, 세탁비, 암모니아"
46,11,False,"쓰러져있어요, 넘어짐, 바닥에, 사람이, 앉아있는"
59,11,False,"직원, 경력, 취업규칙, 취업계, 표창받은내역"
20,10,False,"왼쪽입니다, 내리실, 내리, 실문은, 문은"
28,10,False,"station, seoul, 이번역은, 팔로우하세요, aeroporto"
29,10,False,"경춘선, 이번열차는, 게임, 가방, 회송열차"
31,10,False,"통화, 시끄럽게, 시끄러운, 큰소리로, 오래"
34,10,False,"날씨, 어때, 오늘, 일어날, 주말은요"
35,10,False,"바람이, 쎄요, 지금, 심하지, 불암산"
62,10,False,"문자, 일본어, 팩스, 벽보, 반부"
74,10,False,"abcdefghijlmnopqrstuvwsyz, apdlf, bjkkjkl, wwuw, wwui"
9,9,False,"속도, 급행, 속도가, 빨라요, 과속"
22,9,False,"이동상인, 사람, 장난감파는사람, 잡화상, 실물은"
63,9,False,"문자, 보내, 문자로는, 어디로보내, 폼이냐"
64,9,False,"안오냐, 안가요, 왜안가요, 안와, 여기서"
39,8,False,"발표, 필기, 합격자발표, 합격자, 필기합격자"
61,8,False,"평균, 이하, vsr, vqvq, bts"
18,7,False,"열선, 켜고, 불탄다, 불타오른다, 불을"
24,7,False,"시끄러운, 시끄럽게, 사람이, 연설하는사람이, 사람있어요"
27,7,False,"metro, train, 열차좌석, 번열차, 껴졌습니당"
51,7,False,"주어야, 해주세여, 열심히, 아래층에서, 올려주세요"
55,7,False,"미태그, 원시역, 미테그, even"
56,7,False,"여섯, 일곱, 칠백몇번인지, 번칸, lyye"
66,7,False,"접수가, 알아듣네, 입력이안됨, 안되네여, 못함"
71,7,False,"zoom, 받나요, 다운은, 끄저라, zzzz"
73,7,False,"yuxvgxggudyuuhydjuuyjheheeuososjiseeneeudjjjiji, ygxhhhghdhgdh, vvvhgnhjigdhdghgdhgshhyhhejhjheuui, uu, uijzhhhzhyzhzy"
8,6,False,"좌석, 좌석이, 좌석열선, 차가워요, 안들어옵니다"
19,6,False,"느림, 정시보다, 열차간격이, 분뒤, 먼저"
23,6,False,"혼잡, 이용객수, 이용자, 많은데, 유동인구"
25,6,False,"시끄러운, 승객, 승객이, 승객이있어요, 승객에게"
26,6,False,"아래로, 디맵, 내려가세요, 단계"
49,6,False,홍길동
11,5,False,"자세히, 입력해, 학습을, 얼마나, 맞냐고"
13,5,False,"종교, 설교, 종교인, 종교연설, 종교권유가"
33,5,False,"오늘, 오전, 왤케밀리노, 무료인가요, 지금"
45,5,False,"만취자, 자고잇는사람이, 자는사람, 잇어요, 자고있어요"
53,5,False,"서해선, 서해선은, 서해선문자는, 제기하냐고요, 뭐에요"
54,5,False,"정식으로, 호런, 의로합니다, tyg, open"
60,5,False,"볼륨, 조절, 윤두창, 볼륨조장, 고정"
67,5,False,"어플, 카카오, 네이버, ai"
-1,127,True,"오빈, is, 실문은, 빨리, train"
